http://cetatenie.just.ro/wp-content/uploads/2019/12/Art._11_2010_Redobandire.pdf,
http://cetatenie.just.ro/wp-content/uploads/2019/12/Art._11_2012_Redobandire.pdf,
http://cetatenie.just.ro/wp-content/uploads/2019/12/Art._11_2013_Redobandire.pdf,
http://cetatenie.just.ro/wp-content/uploads/2019/12/Art._11_2014_Redobandire.pdf,
http://cetatenie.just.ro/wp-content/uploads/2019/12/Art.-11-2015-Redobandire.pdf,
http://cetatenie.just.ro/wp-content/uploads/2019/12/Art.-11-2016-Redobandire.pdf,
http://cetatenie.just.ro/wp-content/uploads/2019/12/Art.-11-2017-Redobandire.pdf,
http://cetatenie.just.ro/wp-content/uploads/2019/12/Art.-11-2018-Redobandire.pdf,
http://cetatenie.just.ro/wp-content/uploads/2019/12/Art.-11-2019-Redobandire.pdf,
http://cetatenie.just.ro/wp-content/uploads/2019/12/Art.-11-2020-Redobandire.pdf,
http://cetatenie.just.ro/wp-content/uploads/2019/12/Art.-11-2021-Redobandire.pdf,
http://cetatenie.just.ro/wp-content/uploads/2019/12/Art.-11-2022-Redobandire.pdf,
http://cetatenie.just.ro/wp-content/uploads/2019/12/Art.-11-2023-Redobandire.pdf